                  epoch,         train/box_loss,         train/cls_loss,         train/dfl_loss,   metrics/precision(B),      metrics/recall(B),       metrics/mAP50(B),    metrics/mAP50-95(B),           val/box_loss,           val/cls_loss,           val/dfl_loss,                 lr/pg0,                 lr/pg1,                 lr/pg2
                      1,                   1.23,                 0.7202,                0.94459,                0.90489,                0.86236,                0.93597,                 0.6672,                 1.0933,                0.58827,                0.91283,             0.00047608,             0.00047608,             0.00047608
                      2,                 1.0686,                0.52989,                0.90127,                0.93571,                 0.9132,                 0.9676,                0.72176,                 1.0188,                0.51428,                0.89575,             0.00076383,             0.00076383,             0.00076383
                      3,                 1.0054,                0.48459,                0.88638,                0.96085,                0.96571,                 0.9879,                0.77084,                0.92761,                0.43283,                0.87107,             0.00086296,             0.00086296,             0.00086296
                      4,                0.94716,                0.44522,                0.87238,                0.97127,                 0.9732,                0.99137,                0.78872,                0.87966,                0.39981,                0.85901,             0.00058017,             0.00058017,             0.00058017
                      5,                0.88197,                0.40637,                0.85863,                0.97616,                 0.9801,                0.99148,                0.81076,                0.82131,                0.37175,                0.84489,             0.00029723,             0.00029723,             0.00029723
